family,shape,out_dim,in_dim,impl,verdict,max_rel,ms_per_call,gb_s,gflop_s,speedup,iters
vq2,q_proj,896,896,ref,PASS,0.000000e+00,0.739527,0.284,2.171,1.000,121
vq2,q_proj,896,896,neon,PASS,3.268627e-07,0.116480,1.802,13.785,6.349,2150
vq2,q_proj,896,896,neon_mr,PASS,3.268627e-07,0.041509,5.057,38.682,17.816,5000
vq2,q_proj,896,896,neon_mr_mt,PASS,3.268627e-07,0.014611,14.367,109.892,50.614,5000
vq2,q_proj,896,896,neon_mr_mt_wl,PASS,3.268627e-07,0.024841,8.450,64.635,29.770,5000
vq2,k_proj,128,896,ref,PASS,0.000000e+00,0.087857,0.396,2.611,1.000,2847
vq2,k_proj,128,896,neon,PASS,2.682553e-07,0.019367,1.798,11.844,4.536,5000
vq2,k_proj,128,896,neon_mr,PASS,2.682553e-07,0.006641,5.242,34.537,13.229,5000
vq2,k_proj,128,896,neon_mr_mt,PASS,2.682553e-07,0.006753,5.156,33.968,13.010,5000
vq2,k_proj,128,896,neon_mr_mt_wl,PASS,2.682553e-07,0.006749,5.158,33.985,13.017,5000
vq2,v_proj,128,896,ref,PASS,0.000000e+00,0.087847,0.396,2.611,1.000,2846
vq2,v_proj,128,896,neon,PASS,2.682553e-07,0.019367,1.798,11.844,4.536,5000
vq2,v_proj,128,896,neon_mr,PASS,2.682553e-07,0.006642,5.242,34.533,13.226,5000
vq2,v_proj,128,896,neon_mr_mt,PASS,2.682553e-07,0.006751,5.157,33.979,13.013,5000
vq2,v_proj,128,896,neon_mr_mt_wl,PASS,2.682553e-07,0.006753,5.155,33.965,13.008,5000
vq2,o_proj,896,896,ref,PASS,0.000000e+00,0.610308,0.344,2.631,1.000,410
vq2,o_proj,896,896,neon,PASS,3.268627e-07,0.130806,1.605,12.275,4.666,1915
vq2,o_proj,896,896,neon_mr,PASS,3.268627e-07,0.043009,4.881,37.332,14.190,5000
vq2,o_proj,896,896,neon_mr_mt,PASS,3.268627e-07,0.025068,8.374,64.052,24.347,5000
vq2,o_proj,896,896,neon_mr_mt_wl,PASS,3.268627e-07,0.024144,8.694,66.501,25.278,5000
vq2,gate_up,4864,896,ref,PASS,0.000000e+00,3.306251,0.337,2.636,1.000,75
vq2,gate_up,4864,896,neon,PASS,3.726599e-07,0.706584,1.577,12.336,4.679,349
vq2,gate_up,4864,896,neon_mr,PASS,3.726599e-07,0.230910,4.827,37.748,14.318,1082
vq2,gate_up,4864,896,neon_mr_mt,PASS,3.726599e-07,4.507472,0.247,1.934,0.734,2816
vq2,gate_up,4864,896,neon_mr_mt_wl,PASS,3.726599e-07,0.107052,10.412,81.421,30.885,2062
vq2,down,896,4864,ref,PASS,0.000000e+00,3.910539,0.285,2.229,1.000,66
vq2,down,896,4864,neon,PASS,9.958895e-07,0.895770,1.244,9.731,4.366,279
vq2,down,896,4864,neon_mr,PASS,9.958895e-07,0.235748,4.728,36.973,16.588,1061
vq2,down,896,4864,neon_mr_mt,PASS,9.958895e-07,0.065023,17.142,134.050,60.141,3181
vq2,down,896,4864,neon_mr_mt_wl,PASS,9.958895e-07,0.065931,16.906,132.204,59.313,3873
vq2,lm_head,151936,896,ref,PASS,0.000000e+00,103.248972,0.336,2.637,1.000,3
vq2,lm_head,151936,896,neon,PASS,4.529958e-07,22.256489,1.557,12.233,4.639,11
vq2,lm_head,151936,896,neon_mr,PASS,4.529958e-07,7.188175,4.820,37.877,14.364,34
vq2,lm_head,151936,896,neon_mr_mt,PASS,4.529958e-07,1.995992,17.358,136.408,51.728,121
vq2,lm_head,151936,896,neon_mr_mt_wl,PASS,4.529958e-07,1.518509,22.816,179.300,67.994,172
i4,q_proj,896,896,ref,PASS,0.000000e+00,0.463875,0.935,3.461,1.000,539
i4,q_proj,896,896,neon,PASS,1.310274e-07,0.068357,6.344,23.489,6.786,3620
i4,q_proj,896,896,neon_mt,PASS,1.310274e-07,0.040535,10.698,39.611,11.444,4490
i4,q_proj,896,896,sdot,PASS,3.567220e-04,0.030242,14.340,53.093,15.339,5000
i4,q_proj,896,896,sdot2,PASS,3.567220e-04,0.020567,21.085,78.067,22.554,5000
i4,q_proj,896,896,sdot2_mt,PASS,3.567220e-04,0.041047,10.565,39.116,11.301,5000
i4,q_proj,896,896,sdot3,PASS,3.567220e-04,0.020284,21.379,79.157,22.869,4152
i4,q_proj,896,896,sdot3_mt,PASS,3.567220e-04,0.052524,8.257,30.570,8.832,4421
i4,q_proj,896,896,sdot4,PASS,3.567220e-04,0.018782,23.090,85.489,24.698,5000
i4,q_proj,896,896,sdot4_mt,PASS,3.567220e-04,0.060598,7.156,26.497,7.655,3903
i4,q_proj,896,896,sdot5,FAIL,8.672284e-01,0.016090,26.952,99.788,28.829,5000
i4,q_proj,896,896,sdot5_mt,FAIL,8.672284e-01,0.069502,6.240,23.102,6.674,3076
i4,q_proj,896,896,sdot_mt,PASS,3.567220e-04,0.080312,5.400,19.992,5.776,3331
i4,k_proj,128,896,ref,PASS,0.000000e+00,0.066220,0.982,3.464,1.000,3775
i4,k_proj,128,896,neon,PASS,1.307603e-07,0.009761,6.661,23.498,6.784,5000
i4,k_proj,128,896,neon_mt,PASS,1.307603e-07,0.009764,6.660,23.492,6.782,5000
i4,k_proj,128,896,sdot,PASS,2.721123e-04,0.005306,12.255,43.232,12.481,5000
i4,k_proj,128,896,sdot2,PASS,2.721123e-04,0.003917,16.600,58.556,16.905,5000
i4,k_proj,128,896,sdot2_mt,PASS,2.721123e-04,0.003918,16.598,58.550,16.903,5000
i4,k_proj,128,896,sdot3,PASS,2.721123e-04,0.003869,16.805,59.279,17.114,5000
i4,k_proj,128,896,sdot3_mt,PASS,2.721123e-04,0.004325,15.034,53.035,15.311,5000
i4,k_proj,128,896,sdot4,PASS,2.721123e-04,0.003652,17.804,62.804,18.131,5000
i4,k_proj,128,896,sdot4_mt,PASS,2.721123e-04,0.003653,17.799,62.786,18.126,5000
i4,k_proj,128,896,sdot5,FAIL,8.654744e-01,0.002801,23.214,81.890,23.641,5000
i4,k_proj,128,896,sdot5_mt,FAIL,8.654744e-01,0.002801,23.212,81.881,23.639,5000
i4,k_proj,128,896,sdot_mt,PASS,2.721123e-04,0.005316,12.232,43.150,12.457,5000
i4,v_proj,128,896,ref,PASS,0.000000e+00,0.066245,0.982,3.463,1.000,3773
i4,v_proj,128,896,neon,PASS,1.307603e-07,0.009760,6.662,23.502,6.787,5000
i4,v_proj,128,896,neon_mt,PASS,1.307603e-07,0.009769,6.656,23.480,6.781,5000
i4,v_proj,128,896,sdot,PASS,2.721123e-04,0.005338,12.182,42.974,12.411,5000
i4,v_proj,128,896,sdot2,PASS,2.721123e-04,0.003917,16.598,58.552,16.910,5000
i4,v_proj,128,896,sdot2_mt,PASS,2.721123e-04,0.003917,16.602,58.563,16.913,5000
i4,v_proj,128,896,sdot3,PASS,2.721123e-04,0.003869,16.807,59.288,17.123,5000
i4,v_proj,128,896,sdot3_mt,PASS,2.721123e-04,0.004323,15.041,53.056,15.323,5000
i4,v_proj,128,896,sdot4,PASS,2.721123e-04,0.003652,17.803,62.801,18.137,5000
i4,v_proj,128,896,sdot4_mt,PASS,2.721123e-04,0.003657,17.779,62.716,18.113,5000
i4,v_proj,128,896,sdot5,FAIL,8.654744e-01,0.002802,23.210,81.875,23.646,5000
i4,v_proj,128,896,sdot5_mt,FAIL,8.654744e-01,0.002802,23.205,81.857,23.641,5000
i4,v_proj,128,896,sdot_mt,PASS,2.721123e-04,0.005323,12.215,43.089,12.444,5000
i4,o_proj,896,896,ref,PASS,0.000000e+00,0.463785,0.935,3.462,1.000,539
i4,o_proj,896,896,neon,PASS,1.310274e-07,0.068346,6.345,23.493,6.786,3623
i4,o_proj,896,896,neon_mt,PASS,1.310274e-07,0.092358,4.695,17.385,5.022,1688
i4,o_proj,896,896,sdot,PASS,3.567220e-04,0.030239,14.341,53.099,15.337,5000
i4,o_proj,896,896,sdot2,PASS,3.567220e-04,0.020568,21.084,78.063,22.548,5000
i4,o_proj,896,896,sdot2_mt,PASS,3.567220e-04,0.079083,5.484,20.303,5.865,3397
i4,o_proj,896,896,sdot3,PASS,3.567220e-04,0.020277,21.387,79.184,22.872,5000
i4,o_proj,896,896,sdot3_mt,PASS,3.567220e-04,0.081982,5.290,19.585,5.657,3159
i4,o_proj,896,896,sdot4,PASS,3.567220e-04,0.018776,23.097,85.514,24.701,5000
i4,o_proj,896,896,sdot4_mt,PASS,3.567220e-04,0.080287,5.401,19.999,5.777,3112
i4,o_proj,896,896,sdot5,FAIL,8.672284e-01,0.016079,26.970,99.857,28.844,5000
i4,o_proj,896,896,sdot5_mt,FAIL,8.672284e-01,0.078918,5.495,20.346,5.877,3307
i4,o_proj,896,896,sdot_mt,PASS,3.567220e-04,0.081100,5.347,19.798,5.719,3382
i4,gate_up,4864,896,ref,PASS,0.000000e+00,2.517924,0.929,3.462,1.000,99
i4,gate_up,4864,896,neon,PASS,1.302556e-07,0.370911,6.304,23.500,6.788,674
i4,gate_up,4864,896,neon_mt,PASS,1.302556e-07,0.186584,12.532,46.715,13.495,1257
i4,gate_up,4864,896,sdot,PASS,4.151898e-04,0.159067,14.700,54.796,15.829,1539
i4,gate_up,4864,896,sdot2,PASS,4.151898e-04,0.106528,21.950,81.822,23.636,2345
i4,gate_up,4864,896,sdot2_mt,PASS,4.151898e-04,0.108549,21.541,80.298,23.196,2823
i4,gate_up,4864,896,sdot3,PASS,4.151898e-04,0.105011,22.267,83.003,23.978,2381
i4,gate_up,4864,896,sdot3_mt,PASS,4.151898e-04,0.106680,21.919,81.705,23.603,2047
i4,gate_up,4864,896,sdot4,PASS,4.151898e-04,0.096807,24.154,90.038,26.010,1109
i4,gate_up,4864,896,sdot4_mt,PASS,4.151898e-04,0.102531,22.806,85.011,24.558,2276
i4,gate_up,4864,896,sdot5,FAIL,8.631323e-01,0.084484,27.677,103.170,29.803,2955
i4,gate_up,4864,896,sdot5_mt,FAIL,8.631323e-01,0.096841,24.146,90.006,26.001,2447
i4,gate_up,4864,896,sdot_mt,PASS,4.151898e-04,0.126195,18.529,69.070,19.953,2581
i4,down,896,4864,ref,PASS,0.000000e+00,2.636227,0.887,3.306,1.000,94
i4,down,896,4864,neon,PASS,2.920787e-07,0.370902,6.304,23.500,7.108,676
i4,down,896,4864,neon_mt,PASS,2.920787e-07,0.183543,12.740,47.489,14.363,1166
i4,down,896,4864,sdot,PASS,1.417555e-04,0.162602,14.381,53.605,16.213,1536
i4,down,896,4864,sdot2,PASS,1.417555e-04,0.111430,20.984,78.222,23.658,2243
i4,down,896,4864,sdot2_mt,PASS,1.417555e-04,0.103778,22.532,83.990,25.403,2598
i4,down,896,4864,sdot3,PASS,1.417555e-04,0.110388,21.183,78.960,23.881,2257
i4,down,896,4864,sdot3_mt,PASS,1.417555e-04,0.119653,19.542,72.846,22.032,2158
i4,down,896,4864,sdot4,PASS,1.417555e-04,0.101858,22.956,85.573,25.881,2453
i4,down,896,4864,sdot4_mt,PASS,1.417555e-04,0.110212,21.216,79.087,23.920,2194
i4,down,896,4864,sdot5,FAIL,8.955035e-01,0.088032,26.562,99.013,29.946,2827
i4,down,896,4864,sdot5_mt,FAIL,8.955035e-01,0.106110,22.037,82.144,24.844,2313
i4,down,896,4864,sdot_mt,PASS,1.417555e-04,0.117707,19.866,74.051,22.397,2355
i4,lm_head,151936,896,ref,PASS,0.000000e+00,78.648014,0.927,3.462,1.000,3
i4,lm_head,151936,896,neon,PASS,1.923238e-07,11.592615,6.291,23.486,6.784,21
i4,lm_head,151936,896,neon_mt,PASS,1.923238e-07,3.170435,23.004,85.878,24.807,65
i4,lm_head,151936,896,sdot,PASS,4.613206e-04,4.939119,14.766,55.125,15.923,50
i4,lm_head,151936,896,sdot2,PASS,4.613206e-04,3.303019,22.081,82.430,23.811,75
i4,lm_head,151936,896,sdot2_mt,PASS,4.613206e-04,1.487302,49.037,183.063,52.880,148
i4,lm_head,151936,896,sdot3,PASS,4.613206e-04,3.258062,22.385,83.568,24.140,76
i4,lm_head,151936,896,sdot3_mt,PASS,4.613206e-04,0.896008,81.398,303.869,87.776,312
i4,lm_head,151936,896,sdot4,PASS,4.613206e-04,3.435511,21.229,79.251,22.893,33
i4,lm_head,151936,896,sdot4_mt,PASS,4.613206e-04,0.875278,83.325,311.066,89.855,274
i4,lm_head,151936,896,sdot5,FAIL,8.515962e-01,6.620601,11.016,41.125,11.879,37
i4,lm_head,151936,896,sdot5_mt,FAIL,8.515962e-01,0.778643,93.667,349.672,101.007,215
i4,lm_head,151936,896,sdot_mt,PASS,4.613206e-04,2.388259,30.538,114.003,32.931,86
f16,q_proj,896,896,ref,PASS,0.000000e+00,1.407943,1.146,1.140,1.000,176
f16,q_proj,896,896,neon_mt_kv_nt,PASS,1.310284e-07,0.120658,13.367,13.307,11.669,2176
f16,k_proj,128,896,ref,PASS,0.000000e+00,0.201297,1.160,1.139,1.000,1249
f16,k_proj,128,896,neon_mt_kv_nt,PASS,1.309851e-07,0.011751,19.867,19.519,17.130,5000
f16,v_proj,128,896,ref,PASS,0.000000e+00,0.200484,1.165,1.144,1.000,1320
f16,v_proj,128,896,neon_mt_kv_nt,PASS,1.309851e-07,0.011518,20.270,19.914,17.406,5000
f16,o_proj,896,896,ref,PASS,0.000000e+00,1.403877,1.149,1.144,1.000,150
f16,o_proj,896,896,neon_mt_kv_nt,PASS,1.310284e-07,0.120651,13.367,13.308,11.636,1995
f16,gate_up,4864,896,ref,PASS,0.000000e+00,3.988819,2.191,2.185,1.000,64
f16,gate_up,4864,896,neon_mt_kv_nt,PASS,1.301731e-07,0.208423,41.931,41.820,19.138,1393
f16,down,896,4864,ref,PASS,0.000000e+00,4.008978,2.180,2.174,1.000,62
f16,down,896,4864,neon_mt_kv_nt,PASS,2.921723e-07,0.215150,40.620,40.513,18.633,1392
f16,lm_head,151936,896,ref,PASS,0.000000e+00,123.499055,2.210,2.205,1.000,3
f16,lm_head,151936,896,neon_mt_kv_nt,PASS,1.282039e-07,2.769081,98.546,98.325,44.599,90
f32,q_proj,896,896,ref,PASS,0.000000e+00,0.470088,6.846,3.416,1.000,491
f32,q_proj,896,896,acc4,PASS,3.930869e-07,0.170761,18.848,9.403,2.753,1436
f32,q_proj,896,896,double_2_float,PASS,1.179261e-06,0.392832,8.193,4.087,1.197,636
f32,q_proj,896,896,neon,PASS,1.310290e-07,0.046098,69.817,34.831,10.198,5000
f32,q_proj,896,896,neon_mt,PASS,1.310290e-07,0.137274,23.445,11.697,3.424,1949
f32,q_proj,896,896,neon_mt_bal,PASS,1.310290e-07,0.139916,23.003,11.476,3.360,1991
f32,q_proj,896,896,neon_mt_kv,PASS,1.310290e-07,0.147293,21.851,10.901,3.192,1818
f32,q_proj,896,896,neon_mt_kv_nt,PASS,1.310290e-07,0.157493,20.435,10.195,2.985,1733
f32,q_proj,896,896,neon_nofma,PASS,1.310290e-07,0.043260,74.397,37.116,10.866,2248
f32,k_proj,128,896,ref,PASS,0.000000e+00,0.059362,7.797,3.864,1.000,4021
f32,k_proj,128,896,acc4,PASS,3.274631e-07,0.022915,20.198,10.010,2.590,5000
f32,k_proj,128,896,double_2_float,PASS,9.823894e-07,0.052790,8.768,4.345,1.124,4622
f32,k_proj,128,896,neon,PASS,1.309852e-07,0.006212,74.514,36.928,9.557,5000
f32,k_proj,128,896,neon_mt,PASS,1.309852e-07,0.006252,74.033,36.689,9.495,5000
f32,k_proj,128,896,neon_mt_bal,PASS,1.309852e-07,0.006340,73.003,36.179,9.363,5000
f32,k_proj,128,896,neon_mt_kv,PASS,1.309852e-07,0.006498,71.231,35.300,9.136,5000
f32,k_proj,128,896,neon_mt_kv_nt,PASS,1.309852e-07,0.006579,70.350,34.864,9.023,5000
f32,k_proj,128,896,neon_nofma,PASS,1.309852e-07,0.006504,71.164,35.267,9.127,5000
f32,v_proj,128,896,ref,PASS,0.000000e+00,0.060481,7.653,3.793,1.000,4018
f32,v_proj,128,896,acc4,PASS,3.274631e-07,0.022943,20.174,9.998,2.636,5000
f32,v_proj,128,896,double_2_float,PASS,9.823894e-07,0.053091,8.718,4.320,1.139,4615
f32,v_proj,128,896,neon,PASS,1.309852e-07,0.006367,72.698,36.027,9.500,5000
f32,v_proj,128,896,neon_mt,PASS,1.309852e-07,0.006242,74.156,36.750,9.690,5000
f32,v_proj,128,896,neon_mt_bal,PASS,1.309852e-07,0.006476,71.467,35.417,9.339,5000
f32,v_proj,128,896,neon_mt_kv,PASS,1.309852e-07,0.006470,71.540,35.453,9.348,5000
f32,v_proj,128,896,neon_mt_kv_nt,PASS,1.309852e-07,0.006451,71.752,35.558,9.376,5000
f32,v_proj,128,896,neon_nofma,PASS,1.309852e-07,0.006508,71.118,35.244,9.293,5000
f32,o_proj,896,896,ref,PASS,0.000000e+00,0.428922,7.504,3.743,1.000,573
f32,o_proj,896,896,acc4,PASS,3.930869e-07,0.165087,19.495,9.726,2.598,1555
f32,o_proj,896,896,double_2_float,PASS,1.179261e-06,0.379232,8.487,4.234,1.131,637
f32,o_proj,896,896,neon,PASS,1.310290e-07,0.045061,71.423,35.632,9.519,5000
f32,o_proj,896,896,neon_mt,PASS,1.310290e-07,0.156844,20.520,10.237,2.735,1781
f32,o_proj,896,896,neon_mt_bal,PASS,1.310290e-07,0.150969,21.319,10.636,2.841,1691
f32,o_proj,896,896,neon_mt_kv,PASS,1.310290e-07,0.152403,21.118,10.535,2.814,1567
f32,o_proj,896,896,neon_mt_kv_nt,PASS,1.310290e-07,0.156009,20.630,10.292,2.749,1660
f32,o_proj,896,896,neon_nofma,PASS,1.310290e-07,0.044765,71.897,35.868,9.582,2245
f32,gate_up,4864,896,ref,PASS,0.000000e+00,2.372250,7.358,3.674,1.000,105
f32,gate_up,4864,896,acc4,PASS,3.254285e-07,0.904698,19.294,9.634,2.622,276
f32,gate_up,4864,896,double_2_float,PASS,1.627143e-06,2.133913,8.180,4.085,1.112,117
f32,gate_up,4864,896,neon,PASS,1.301714e-07,0.253999,68.723,34.316,9.340,980
f32,gate_up,4864,896,neon_mt,PASS,1.301714e-07,0.303377,57.538,28.731,7.819,784
f32,gate_up,4864,896,neon_mt_bal,PASS,1.301714e-07,0.227056,76.878,38.388,10.448,1293
f32,gate_up,4864,896,neon_mt_kv,PASS,1.301714e-07,0.232051,75.223,37.562,10.223,1129
f32,gate_up,4864,896,neon_mt_kv_nt,PASS,1.301714e-07,0.232881,74.955,37.428,10.187,765
f32,gate_up,4864,896,neon_nofma,PASS,1.301714e-07,0.323898,53.892,26.911,7.324,787
f32,down,896,4864,ref,PASS,0.000000e+00,3.170179,5.506,2.749,1.000,75
f32,down,896,4864,acc4,PASS,8.765165e-07,1.058486,16.491,8.235,2.995,236
f32,down,896,4864,double_2_float,PASS,3.895629e-06,2.812151,6.207,3.100,1.127,84
f32,down,896,4864,neon,PASS,1.947815e-07,0.305592,57.121,28.523,10.374,857
f32,down,896,4864,neon_mt,PASS,1.947815e-07,0.229273,76.135,38.017,13.827,1189
f32,down,896,4864,neon_mt_bal,PASS,1.947815e-07,0.243705,71.626,35.766,13.008,1253
f32,down,896,4864,neon_mt_kv,PASS,1.947815e-07,0.238495,73.191,36.547,13.292,1183
f32,down,896,4864,neon_mt_kv_nt,PASS,1.947815e-07,0.233216,74.847,37.374,13.593,1306
f32,down,896,4864,neon_nofma,PASS,2.921722e-07,0.307990,56.676,28.301,10.293,474
